target,comment_text
0,"Reflecting on the historical significance of jazz, it's clear the genre wouldn't be what it is without the genius of African American musicians. Their creativity under adversity has given us a treasure."
0,"Celebrating Pride Month reminds us of the struggles and triumphs within the LGBTQ+ community. Events like these highlight the journey towards acceptance and equality for everyone, regardless of who they love."
0,"The cultural richness that immigrants bring to our country is immeasurable. From cuisine to music, we see their influence everywhere, making our community more vibrant and diverse."
0,"International Women's Day is not just a day; it's a reminder of the ongoing fight for equality and the recognition of the incredible achievements women have made against all odds."
0,"Attending a traditional Indian wedding was a feast for the senses and a beautiful insight into the customs and traditions that have been cherished for generations."
0,"The recent success of movies featuring strong, female leads is a win for gender representation in media. It's time stories like these become the norm rather than the exception."
0,"Ramadan nights in the city bring everyone together, reflecting the spirit of community and the beauty of diversity in our shared experiences."
0,"The courage of individuals coming out to their families and friends is a testament to the strength of the human spirit, pursuing authenticity and love in the face of adversity."
0,"The recent protests have been a powerful reminder of the ongoing fight for racial justice and equality. It's crucial that we keep the momentum going and work together for a fairer society."
0,"The resurgence of native languages and traditions among young people is inspiring. It's vital to preserve these cultural treasures for future generations."
0,"Seeing a woman break another glass ceiling in corporate leadership is not just a win for her but for all young girls aspiring to reach their fullest potential."
0,"The vibrant celebrations of Juneteenth are a powerful homage to freedom and resilience, reminding us of the journey still ahead in achieving true equality."
0,"Witnessing the joy at the Pride parade, where love is celebrated in all its forms, was a beautiful reminder of how far we've come and the work still left to do."
0,"The initiative to include more Latin American authors in the school curriculum is a step towards broadening students' perspectives and embracing a richer diversity in literature."
0,"The outpouring of support for Asian businesses affected by discrimination has been heartwarming, highlighting the strength of community solidarity in challenging times."
0,"It's empowering to see films directed by women receiving the acclaim they deserve, challenging stereotypes and paving the way for future generations of female filmmakers."
0,"The acknowledgment of Indigenous Peoples' Day instead of Columbus Day marks a shift towards recognizing the history and resilience of Native American communities."
0,"Supporting Black-owned businesses is one way to effect change in our communities, fostering economic growth and promoting equality."
0,"The conversation about mental health within the LGBTQ+ community is crucial. Acknowledging and addressing these issues openly is a step toward healing and support."
0,"The blending of Middle Eastern spices in modern cuisine is a delicious example of how immigration enriches a culture, introducing flavors and traditions that become part of our collective experience."
0,"Seeing the support for the gay community during Pride Month fills me with hope. Love should always be celebrated, regardless of who it's between."
0,"The resilience of the lesbian community in the face of adversity is truly inspiring. Their fight for equality and acceptance is a testament to the strength found in love and solidarity."
0,"Attending a Jewish friend's Hanukkah celebration was a deeply enriching experience. It's beautiful to see how light and hope are central themes in cultures around the world."
0,"The contributions of Black scientists and inventors throughout history have been monumental. It's crucial we recognize and celebrate these achievements in our education system."
0,"The recent film highlighting the struggles and triumphs of a transgender teen was a powerful reminder of the importance of acceptance and understanding in our society."
0,"The elegance and depth of Islamic art and architecture speak volumes about the rich cultural heritage that Muslim communities contribute to our world."
0,"I recently read a book by an Asian American author that opened my eyes to the nuanced experiences of identity and belonging. It's important we uplift these voices for a fuller understanding of the human experience."
0,"Women in tech are not just changing the industry; they're shaping the future. Let's ensure they receive the recognition and support they deserve."
0,"The courage shown by individuals who come out to their families and communities is nothing short of heroic. Creating a world where everyone can live authentically should be our common goal."
0,"The fusion of Latino musical elements into mainstream music has brought us some of the most vibrant and catchy tunes of the decade. Diversity in music enriches us all."
0,"Understanding the history and significance of Juneteenth is essential for all Americans. It marks not just a day of emancipation, but a call to continue the fight for true equality."
0,"Learning about the Sikh concept of 'langar' has profoundly impacted my view on community and generosity. Serving and eating together, regardless of social status, is a practice from which we can all learn."
0,"The struggles faced by bisexual individuals often go unnoticed. Recognizing and addressing biphobia is crucial in our journey toward full LGBTQ+ acceptance and equality."
0,"The traditional dresses worn during a Native American powwow were breathtaking. Such events are vital for preserving and celebrating rich cultural histories that might otherwise be overlooked."
0,"The recent initiative by women-led environmental groups to combat climate change is a powerful example of leadership and responsibility. Their work deserves our full support."
0,"Seeing athletes from diverse backgrounds represent our country on the international stage is a proud reminder of our nation's strength in diversity."
0,"The growth of African cinema has brought fresh narratives and perspectives to the global film industry, highlighting the importance of diversity in storytelling."
0,"It's inspiring to see cities around the world host pride parades, celebrating LGBTQ+ culture and rights. Such visibility is crucial for progress and acceptance."
0,"Participating in an interfaith dialogue event was a profoundly enlightening experience, showcasing the beauty of religious diversity and the common values we share."
0,"The dedication of organizations working to protect the rights of undocumented immigrants is a beacon of hope and humanity, reminding us of the value of empathy and support in challenging times."